id,rank,title,fullTitle,year,image,crew,imDbRating,imDbRatingCount
tt0111161,1,The Shawshank Redemption,The Shawshank Redemption (1994),1994,https://m.media-amazon.com/images/M/MV5BNDE3ODcxYzMtY2YzZC00NmNlLWJiNDMtZDViZWM2MzIxZDYwXkEyXkFqcGdeQXVyNjAwNDUxODI@._V1_Ratio0.6763_AL_.jpg,,9.3,2825950
tt0068646,2,The Godfather,The Godfather (1972),1972,https://m.media-amazon.com/images/M/MV5BM2MyNjYxNmUtYTAwNi00MTYxLWJmNWYtYzZlODY3ZTk3OTFlXkEyXkFqcGdeQXVyNzkwMjQ5NzM@._V1_Ratio0.7053_AL_.jpg,,9.2,1969799
tt0468569,3,The Dark Knight,The Dark Knight (2008),2008,https://m.media-amazon.com/images/M/MV5BMTMxNTMwODM0NF5BMl5BanBnXkFtZTcwODAyMTk2Mw@@._V1_Ratio0.6763_AL_.jpg,,9,2807319
tt0071562,4,The Godfather Part II,The Godfather Part II (1974),1974,https://m.media-amazon.com/images/M/MV5BMWMwMGQzZTItY2JlNC00OWZiLWIyMDctNDk2ZDQ2YjRjMWQ0XkEyXkFqcGdeQXVyNzkwMjQ5NzM@._V1_Ratio0.7053_AL_.jpg,,9,1336976
tt0050083,5,12 Angry Men,12 Angry Men (1957),1957,https://m.media-amazon.com/images/M/MV5BMWU4N2FjNzYtNTVkNC00NzQ0LTg0MjAtYTJlMjFhNGUxZDFmXkEyXkFqcGdeQXVyNjc1NTYyMjg@._V1_Ratio0.6763_AL_.jpg,,9,842671
tt0108052,6,Schindler's List,Schindler's List (1993),1993,https://m.media-amazon.com/images/M/MV5BNDE4OTMxMTctNmRhYy00NWE2LTg3YzItYTk3M2UwOTU5Njg4XkEyXkFqcGdeQXVyNjU0OTQ0OTY@._V1_Ratio0.6763_AL_.jpg,,9,1420182
tt0167260,7,The Lord of the Rings: The Return of the King,The Lord of the Rings: The Return of the King (2003),2003,https://m.media-amazon.com/images/M/MV5BNzA5ZDNlZWMtM2NhNS00NDJjLTk4NDItYTRmY2EwMWZlMTY3XkEyXkFqcGdeQXVyNzkwMjQ5NzM@._V1_Ratio0.6763_AL_.jpg,,9,1935053
tt0110912,8,Pulp Fiction,Pulp Fiction (1994),1994,https://m.media-amazon.com/images/M/MV5BNGNhMDIzZTUtNTBlZi00MTRlLWFjM2ItYzViMjE3YzI5MjljXkEyXkFqcGdeQXVyNzkwMjQ5NzM@._V1_Ratio0.6860_AL_.jpg,,8.9,2166851
tt0120737,9,The Lord of the Rings: The Fellowship of the Ring,The Lord of the Rings: The Fellowship of the Ring (2001),2001,https://m.media-amazon.com/images/M/MV5BN2EyZjM3NzUtNWUzMi00MTgxLWI0NTctMzY4M2VlOTdjZWRiXkEyXkFqcGdeQXVyNDUzOTQ5MjY@._V1_Ratio0.6763_AL_.jpg,,8.8,1961919
tt0060196,10,"The Good, the Bad and the Ugly","The Good, the Bad and the Ugly (1966)",1966,https://m.media-amazon.com/images/M/MV5BNjJlYmNkZGItM2NhYy00MjlmLTk5NmQtNjg1NmM2ODU4OTMwXkEyXkFqcGdeQXVyMjUzOTY1NTc@._V1_Ratio0.6763_AL_.jpg,,8.8,796026
tt0109830,11,Forrest Gump,Forrest Gump (1994),1994,https://m.media-amazon.com/images/M/MV5BNWIwODRlZTUtY2U3ZS00Yzg1LWJhNzYtMmZiYmEyNmU1NjMzXkEyXkFqcGdeQXVyMTQxNzMzNDI@._V1_Ratio0.6957_AL_.jpg,,8.8,2201548
tt0137523,12,Fight Club,Fight Club (1999),1999,https://m.media-amazon.com/images/M/MV5BNDIzNDU0YzEtYzE5Ni00ZjlkLTk5ZjgtNjM3NWE4YzA3Nzk3XkEyXkFqcGdeQXVyMjUzOTY1NTc@._V1_Ratio0.6763_AL_.jpg,,8.8,2261381
tt0167261,13,The Lord of the Rings: The Two Towers,The Lord of the Rings: The Two Towers (2002),2002,https://m.media-amazon.com/images/M/MV5BZGMxZTdjZmYtMmE2Ni00ZTdkLWI5NTgtNjlmMjBiNzU2MmI5XkEyXkFqcGdeQXVyNjU0OTQ0OTY@._V1_Ratio0.6763_AL_.jpg,,8.8,1744792
tt1375666,14,Inception,Inception (2010),2010,https://m.media-amazon.com/images/M/MV5BMjAxMzY3NjcxNF5BMl5BanBnXkFtZTcwNTI5OTM0Mw@@._V1_Ratio0.6763_AL_.jpg,,8.8,2491970
tt0080684,15,Star Wars: Episode V - The Empire Strikes Back,Star Wars: Episode V - The Empire Strikes Back (1980),1980,https://m.media-amazon.com/images/M/MV5BYmU1NDRjNDgtMzhiMi00NjZmLTg5NGItZDNiZjU5NTU4OTE0XkEyXkFqcGdeQXVyNzkwMjQ5NzM@._V1_Ratio0.6763_AL_.jpg,,8.7,1353386
tt0133093,16,The Matrix,The Matrix (1999),1999,https://m.media-amazon.com/images/M/MV5BNzQzOTk3OTAtNDQ0Zi00ZTVkLWI0MTEtMDllZjNkYzNjNTc4L2ltYWdlXkEyXkFqcGdeQXVyNjU0OTQ0OTY@._V1_Ratio0.6763_AL_.jpg,,8.7,2008880
tt0099685,17,Goodfellas,Goodfellas (1990),1990,https://m.media-amazon.com/images/M/MV5BY2NkZjEzMDgtN2RjYy00YzM1LWI4ZmQtMjIwYjFjNmI3ZGEwXkEyXkFqcGdeQXVyNzkwMjQ5NzM@._V1_Ratio0.6763_AL_.jpg,,8.7,1227992
tt0073486,18,One Flew Over the Cuckoo's Nest,One Flew Over the Cuckoo's Nest (1975),1975,https://m.media-amazon.com/images/M/MV5BZjA0OWVhOTAtYWQxNi00YzNhLWI4ZjYtNjFjZTEyYjJlNDVlL2ltYWdlL2ltYWdlXkEyXkFqcGdeQXVyMTQxNzMzNDI@._V1_Ratio0.6763_AL_.jpg,,8.7,1051834
tt0114369,19,Se7en,Se7en (1995),1995,https://m.media-amazon.com/images/M/MV5BOTUwODM5MTctZjczMi00OTk4LTg3NWUtNmVhMTAzNTNjYjcyXkEyXkFqcGdeQXVyNjU0OTQ0OTY@._V1_Ratio0.6763_AL_.jpg,,8.6,1753796
tt0038650,20,It's a Wonderful Life,It's a Wonderful Life (1946),1946,https://m.media-amazon.com/images/M/MV5BZjc4NDZhZWMtNGEzYS00ZWU2LThlM2ItNTA0YzQ0OTExMTE2XkEyXkFqcGdeQXVyNjUwMzI2NzU@._V1_Ratio0.6860_AL_.jpg,,8.6,483599
tt0047478,21,Seven Samurai,Seven Samurai (1954),1954,https://m.media-amazon.com/images/M/MV5BNTkwY2I5NWMtMjNlNi00ZThjLWI4NzQtNDI4M2I4OGM1YjAzXkEyXkFqcGdeQXVyNzYxODE3NTQ@._V1_Ratio0.7053_AL_.jpg,,8.6,360717
tt0816692,22,Interstellar,Interstellar (2014),2014,https://m.media-amazon.com/images/M/MV5BZjdkOTU3MDktN2IxOS00OGEyLWFmMjktY2FiMmZkNWIyODZiXkEyXkFqcGdeQXVyMTMxODk2OTU@._V1_Ratio0.6763_AL_.jpg,,8.7,2019879
tt0102926,23,The Silence of the Lambs,The Silence of the Lambs (1991),1991,https://m.media-amazon.com/images/M/MV5BNjNhZTk0ZmEtNjJhMi00YzFlLWE1MmEtYzM1M2ZmMGMwMTU4XkEyXkFqcGdeQXVyNjU0OTQ0OTY@._V1_Ratio0.6763_AL_.jpg,,8.6,1511610
tt0120815,24,Saving Private Ryan,Saving Private Ryan (1998),1998,https://m.media-amazon.com/images/M/MV5BZjhkMDM4MWItZTVjOC00ZDRhLThmYTAtM2I5NzBmNmNlMzI1XkEyXkFqcGdeQXVyNDYyMDk5MTU@._V1_Ratio0.6860_AL_.jpg,,8.6,1464251
tt0317248,25,City of God,City of God (2002),2002,https://m.media-amazon.com/images/M/MV5BMGU5OWEwZDItNmNkMC00NzZmLTk1YTctNzVhZTJjM2NlZTVmXkEyXkFqcGdeQXVyMTMxODk2OTU@._V1_Ratio0.6763_AL_.jpg,,8.6,787514
tt0118799,26,Life Is Beautiful,Life Is Beautiful (1997),1997,https://m.media-amazon.com/images/M/MV5BYmJmM2Q4NmMtYThmNC00ZjRlLWEyZmItZTIwOTBlZDQ3NTQ1XkEyXkFqcGdeQXVyMTQxNzMzNDI@._V1_Ratio0.6763_AL_.jpg,,8.6,728888
tt0120689,27,The Green Mile,The Green Mile (1999),1999,https://m.media-amazon.com/images/M/MV5BMTUxMzQyNjA5MF5BMl5BanBnXkFtZTYwOTU2NTY3._V1_Ratio0.6763_AL_.jpg,,8.6,1374769
tt9362722,28,Spider-Man: Across the Spider-Verse,Spider-Man: Across the Spider-Verse (2023),2023,https://m.media-amazon.com/images/M/MV5BMzI0NmVkMjEtYmY4MS00ZDMxLTlkZmEtMzU4MDQxYTMzMjU2XkEyXkFqcGdeQXVyMzQ0MzA0NTM@._V1_Ratio0.6763_AL_.jpg,,8.7,305616
tt0076759,29,Star Wars: Episode IV - A New Hope,Star Wars: Episode IV - A New Hope (1977),1977,https://m.media-amazon.com/images/M/MV5BOTA5NjhiOTAtZWM0ZC00MWNhLThiMzEtZDFkOTk2OTU1ZDJkXkEyXkFqcGdeQXVyMTA4NDI1NTQx._V1_Ratio0.6763_AL_.jpg,,8.6,1424404
tt0103064,30,Terminator 2: Judgment Day,Terminator 2: Judgment Day (1991),1991,https://m.media-amazon.com/images/M/MV5BMGU2NzRmZjUtOGUxYS00ZjdjLWEwZWItY2NlM2JhNjkxNTFmXkEyXkFqcGdeQXVyNjU0OTQ0OTY@._V1_Ratio0.6763_AL_.jpg,,8.6,1151454
tt0088763,31,Back to the Future,Back to the Future (1985),1985,https://m.media-amazon.com/images/M/MV5BZmU0M2Y1OGUtZjIxNi00ZjBkLTg1MjgtOWIyNThiZWIwYjRiXkEyXkFqcGdeQXVyMTQxNzMzNDI@._V1_Ratio0.6763_AL_.jpg,,8.5,1276680
tt0245429,32,Spirited Away,Spirited Away (2001),2001,https://m.media-amazon.com/images/M/MV5BMjlmZmI5MDctNDE2YS00YWE0LWE5ZWItZDBhYWQ0NTcxNWRhXkEyXkFqcGdeQXVyMTMxODk2OTU@._V1_Ratio0.6763_AL_.jpg,,8.6,821124
tt0253474,33,The Pianist,The Pianist (2002),2002,https://m.media-amazon.com/images/M/MV5BOWRiZDIxZjktMTA1NC00MDQ2LWEzMjUtMTliZmY3NjQ3ODJiXkEyXkFqcGdeQXVyNjU0OTQ0OTY@._V1_Ratio0.7246_AL_.jpg,,8.5,888587
tt0054215,34,Psycho,Psycho (1960),1960,https://m.media-amazon.com/images/M/MV5BNTQwNDM1YzItNDAxZC00NWY2LTk0M2UtNDIwNWI5OGUyNWUxXkEyXkFqcGdeQXVyNzkwMjQ5NzM@._V1_Ratio0.6763_AL_.jpg,,8.5,705685
tt6751668,35,Parasite,Parasite (2019),2019,https://m.media-amazon.com/images/M/MV5BYWZjMjk3ZTItODQ2ZC00NTY5LWE0ZDYtZTI3MjcwN2Q5NTVkXkEyXkFqcGdeQXVyODk4OTc3MTY@._V1_Ratio0.6763_AL_.jpg,,8.5,906993
tt0172495,36,Gladiator,Gladiator (2000),2000,https://m.media-amazon.com/images/M/MV5BMDliMmNhNDEtODUyOS00MjNlLTgxODEtN2U3NzIxMGVkZTA1L2ltYWdlXkEyXkFqcGdeQXVyNjU0OTQ0OTY@._V1_Ratio0.6763_AL_.jpg,,8.5,1579971
tt0110357,37,The Lion King,The Lion King (1994),1994,https://m.media-amazon.com/images/M/MV5BYTYxNGMyZTYtMjE3MS00MzNjLWFjNmYtMDk3N2FmM2JiM2M1XkEyXkFqcGdeQXVyNjY5NDU4NzI@._V1_Ratio0.6763_AL_.jpg,,8.5,1116902
tt0110413,38,Léon: The Professional,Léon: The Professional (1994),1994,https://m.media-amazon.com/images/M/MV5BOTgyMWQ0ZWUtN2Q2MS00NmY0LWI3OWMtNjFkMzZlNDZjNTk0XkEyXkFqcGdeQXVyMjUzOTY1NTc@._V1_Ratio0.6763_AL_.jpg,,8.5,1219971
tt0120586,39,American History X,American History X (1998),1998,https://m.media-amazon.com/images/M/MV5BZTJhN2FkYWEtMGI0My00YWM4LWI2MjAtM2UwNjY4MTI2ZTQyXkEyXkFqcGdeQXVyNjc3MjQzNTI@._V1_Ratio0.6763_AL_.jpg,,8.5,1167422
tt0407887,40,The Departed,The Departed (2006),2006,https://m.media-amazon.com/images/M/MV5BMTI1MTY2OTIxNV5BMl5BanBnXkFtZTYwNjQ4NjY3._V1_Ratio0.6763_AL_.jpg,,8.5,1393462
tt2582802,41,Whiplash,Whiplash (2014),2014,https://m.media-amazon.com/images/M/MV5BOTA5NDZlZGUtMjAxOS00YTRkLTkwYmMtYWQ0NWEwZDZiNjEzXkEyXkFqcGdeQXVyMTMxODk2OTU@._V1_Ratio0.6763_AL_.jpg,,8.5,948834
tt0482571,42,The Prestige,The Prestige (2006),2006,https://m.media-amazon.com/images/M/MV5BMjA4NDI0MTIxNF5BMl5BanBnXkFtZTYwNTM0MzY2._V1_Ratio0.6763_AL_.jpg,,8.5,1410198
tt0095327,43,Grave of the Fireflies,Grave of the Fireflies (1988),1988,https://m.media-amazon.com/images/M/MV5BZmY2NjUzNDQtNTgxNC00M2Q4LTljOWQtMjNjNDBjNWUxNmJlXkEyXkFqcGdeQXVyNTA4NzY1MzY@._V1_Ratio0.6763_AL_.jpg,,8.5,299957
tt0114814,44,The Usual Suspects,The Usual Suspects (1995),1995,https://m.media-amazon.com/images/M/MV5BYTViNjMyNmUtNDFkNC00ZDRlLThmMDUtZDU2YWE4NGI2ZjVmXkEyXkFqcGdeQXVyNjU0OTQ0OTY@._V1_Ratio0.6763_AL_.jpg,,8.5,1127119
tt0056058,45,Harakiri,Harakiri (1962),1962,https://m.media-amazon.com/images/M/MV5BYjBmYTQ1NjItZWU5MS00YjI0LTg2OTYtYmFkN2JkMmNiNWVkXkEyXkFqcGdeQXVyMTMxMTY0OTQ@._V1_Ratio0.7343_AL_.jpg,,8.6,65334
tt0034583,46,Casablanca,Casablanca (1942),1942,https://m.media-amazon.com/images/M/MV5BY2IzZGY2YmEtYzljNS00NTM5LTgwMzUtMzM1NjQ4NGI0OTk0XkEyXkFqcGdeQXVyNDYyMDk5MTU@._V1_Ratio0.6763_AL_.jpg,,8.5,596083
tt1675434,47,The Intouchables,The Intouchables (2011),2011,https://m.media-amazon.com/images/M/MV5BMTYxNDA3MDQwNl5BMl5BanBnXkFtZTcwNTU4Mzc1Nw@@._V1_Ratio0.6763_AL_.jpg,,8.5,907873
tt0027977,48,Modern Times,Modern Times (1936),1936,https://m.media-amazon.com/images/M/MV5BYjJiZjMzYzktNjU0NS00OTkxLWEwYzItYzdhYWJjN2QzMTRlL2ltYWdlL2ltYWdlXkEyXkFqcGdeQXVyNjU0OTQ0OTY@._V1_Ratio0.6763_AL_.jpg,,8.5,254736
tt0095765,49,Cinema Paradiso,Cinema Paradiso (1988),1988,https://m.media-amazon.com/images/M/MV5BM2FhYjEyYmYtMDI1Yy00YTdlLWI2NWQtYmEzNzAxOGY1NjY2XkEyXkFqcGdeQXVyNTA3NTIyNDg@._V1_Ratio0.6763_AL_.jpg,,8.5,276628
tt0064116,50,Once Upon a Time in the West,Once Upon a Time in the West (1968),1968,https://m.media-amazon.com/images/M/MV5BODQ3NDExOGYtMzI3Mi00NWRlLTkwNjAtNjc4MDgzZGJiZTA1XkEyXkFqcGdeQXVyMjUzOTY1NTc@._V1_Ratio0.6763_AL_.jpg,,8.5,343974
tt0047396,51,Rear Window,Rear Window (1954),1954,https://m.media-amazon.com/images/M/MV5BNGUxYWM3M2MtMGM3Mi00ZmRiLWE0NGQtZjE5ODI2OTJhNTU0XkEyXkFqcGdeQXVyMTQxNzMzNDI@._V1_Ratio0.6860_AL_.jpg,,8.5,512940
tt0078748,52,Alien,Alien (1979),1979,https://m.media-amazon.com/images/M/MV5BOGQzZTBjMjQtOTVmMS00NGE5LWEyYmMtOGQ1ZGZjNmRkYjFhXkEyXkFqcGdeQXVyMjUzOTY1NTc@._V1_Ratio0.6763_AL_.jpg,,8.5,929387
tt0021749,53,City Lights,City Lights (1931),1931,https://m.media-amazon.com/images/M/MV5BY2I4MmM1N2EtM2YzOS00OWUzLTkzYzctNDc5NDg2N2IyODJmXkEyXkFqcGdeQXVyNzkwMjQ5NzM@._V1_Ratio0.6763_AL_.jpg,,8.5,192805
tt0078788,54,Apocalypse Now,Apocalypse Now (1979),1979,https://m.media-amazon.com/images/M/MV5BYmQyNTA1ZGItNjZjMi00NzFlLWEzMWEtNWMwN2Q2MjJhYzEyXkEyXkFqcGdeQXVyMjUzOTY1NTc@._V1_Ratio0.6763_AL_.jpg,,8.4,697436
tt1853728,55,Django Unchained,Django Unchained (2012),2012,https://m.media-amazon.com/images/M/MV5BMjIyNTQ5NjQ1OV5BMl5BanBnXkFtZTcwODg1MDU4OA@@._V1_Ratio0.6763_AL_.jpg,,8.5,1653405
tt0209144,56,Memento,Memento (2000),2000,https://m.media-amazon.com/images/M/MV5BZTcyNjk1MjgtOWI3Mi00YzQwLWI5MTktMzY4ZmI2NDAyNzYzXkEyXkFqcGdeQXVyNjU0OTQ0OTY@._V1_Ratio0.6860_AL_.jpg,,8.4,1297968
tt0082971,57,Raiders of the Lost Ark,Raiders of the Lost Ark (1981),1981,https://m.media-amazon.com/images/M/MV5BNTU2ODkyY2MtMjU1NC00NjE1LWEzYjgtMWQ3MzRhMTE0NDc0XkEyXkFqcGdeQXVyMjM4MzQ4OTQ@._V1_Ratio0.6860_AL_.jpg,,8.4,1020032
tt0910970,58,WALL·E,WALL·E (2008),2008,https://m.media-amazon.com/images/M/MV5BMjExMTg5OTU0NF5BMl5BanBnXkFtZTcwMjMxMzMzMw@@._V1_Ratio0.6763_AL_.jpg,,8.4,1175016
tt0405094,59,The Lives of Others,The Lives of Others (2006),2006,https://m.media-amazon.com/images/M/MV5BNmQyNmJjM2ItNTQzYi00ZjMxLWFjMDYtZjUyN2YwZDk5YWQ2XkEyXkFqcGdeQXVyMjUzOTY1NTc@._V1_Ratio0.6763_AL_.jpg,,8.4,404123
tt0043014,60,Sunset Blvd.,Sunset Blvd. (1950),1950,https://m.media-amazon.com/images/M/MV5BMTU0NTkyNzYwMF5BMl5BanBnXkFtZTgwMDU0NDk5MTI@._V1_Ratio0.6763_AL_.jpg,,8.4,232380
tt0050825,61,Paths of Glory,Paths of Glory (1957),1957,https://m.media-amazon.com/images/M/MV5BOTI5Nzc0OTMtYzBkMS00NjkxLThmM2UtNjM2ODgxN2M5NjNkXkEyXkFqcGdeQXVyNjQ2MjQ5NzM@._V1_Ratio0.6763_AL_.jpg,,8.4,208258
tt15398776,62,Oppenheimer,Oppenheimer (2023),2023,https://m.media-amazon.com/images/M/MV5BMDBmYTZjNjUtN2M1MS00MTQ2LTk2ODgtNzc2M2QyZGE5NTVjXkEyXkFqcGdeQXVyNzAwMjU2MTY@._V1_Ratio0.6763_AL_.jpg,,8.4,530480
tt4154756,63,Avengers: Infinity War,Avengers: Infinity War (2018),2018,https://m.media-amazon.com/images/M/MV5BMjMxNjY2MDU1OV5BMl5BanBnXkFtZTgwNzY1MTUwNTM@._V1_Ratio0.6763_AL_.jpg,,8.4,1169680
tt0081505,64,The Shining,The Shining (1980),1980,https://m.media-amazon.com/images/M/MV5BZWFlYmY2MGEtZjVkYS00YzU4LTg0YjQtYzY1ZGE3NTA5NGQxXkEyXkFqcGdeQXVyMTQxNzMzNDI@._V1_Ratio0.6763_AL_.jpg,,8.4,1083556
tt4633694,65,Spider-Man: Into the Spider-Verse,Spider-Man: Into the Spider-Verse (2018),2018,https://m.media-amazon.com/images/M/MV5BMjMwNDkxMTgzOF5BMl5BanBnXkFtZTgwNTkwNTQ3NjM@._V1_Ratio0.6763_AL_.jpg,,8.4,643195
tt0051201,66,Witness for the Prosecution,Witness for the Prosecution (1957),1957,https://m.media-amazon.com/images/M/MV5BNDQwODU5OWYtNDcyNi00MDQ1LThiOGMtZDkwNWJiM2Y3MDg0XkEyXkFqcGdeQXVyMDI2NDg0NQ@@._V1_Ratio0.6763_AL_.jpg,,8.4,134018
tt0032553,67,The Great Dictator,The Great Dictator (1940),1940,https://m.media-amazon.com/images/M/MV5BMmExYWJjNTktNGUyZS00ODhmLTkxYzAtNWIzOGEyMGNiMmUwXkEyXkFqcGdeQXVyNjU0OTQ0OTY@._V1_Ratio0.6763_AL_.jpg,,8.4,233805
tt0090605,68,Aliens,Aliens (1986),1986,https://m.media-amazon.com/images/M/MV5BOGJkY2EyOWYtYWRmNy00ZTEzLTllMDAtYzYzYjA0ZjFhZWJjXkEyXkFqcGdeQXVyMTUzMDUzNTI3._V1_Ratio0.6763_AL_.jpg,,8.4,749382
tt0361748,69,Inglourious Basterds,Inglourious Basterds (2009),2009,https://m.media-amazon.com/images/M/MV5BOTJiNDEzOWYtMTVjOC00ZjlmLWE0NGMtZmE1OWVmZDQ2OWJhXkEyXkFqcGdeQXVyNTIzOTk5ODM@._V1_Ratio0.6763_AL_.jpg,,8.4,1542658
tt1345836,70,The Dark Knight Rises,The Dark Knight Rises (2012),2012,https://m.media-amazon.com/images/M/MV5BMTk4ODQzNDY3Ml5BMl5BanBnXkFtZTcwODA0NTM4Nw@@._V1_Ratio0.6763_AL_.jpg,,8.4,1790672
tt0169547,71,American Beauty,American Beauty (1999),1999,https://m.media-amazon.com/images/M/MV5BNTBmZWJkNjctNDhiNC00MGE2LWEwOTctZTk5OGVhMWMyNmVhXkEyXkFqcGdeQXVyMTMxODk2OTU@._V1_Ratio0.6763_AL_.jpg,,8.3,1193786
tt0057012,72,Dr. Strangelove or: How I Learned to Stop Worrying and Love the Bomb,Dr. Strangelove or: How I Learned to Stop Worrying and Love the Bomb (1964),1964,https://m.media-amazon.com/images/M/MV5BMWMxYjZkOWUtM2FjMi00MmI1LThkNzQtNTM5Y2E2ZGQ2NGFhXkEyXkFqcGdeQXVyMTA0MTM5NjI2._V1_Ratio0.6763_AL_.jpg,,8.4,510124
tt0364569,73,Oldboy,Oldboy (2003),2003,https://m.media-amazon.com/images/M/MV5BMTI3NTQyMzU5M15BMl5BanBnXkFtZTcwMTM2MjgyMQ@@._V1_Ratio0.6763_AL_.jpg,,8.4,618156
tt2380307,74,Coco,Coco (2017),2017,https://m.media-amazon.com/images/M/MV5BYjQ5NjM0Y2YtNjZkNC00ZDhkLWJjMWItN2QyNzFkMDE3ZjAxXkEyXkFqcGdeQXVyODIxMzk5NjA@._V1_Ratio0.7053_AL_.jpg,,8.4,566665
tt0086879,75,Amadeus,Amadeus (1984),1984,https://m.media-amazon.com/images/M/MV5BNWJlNzUzNGMtYTAwMS00ZjI2LWFmNWQtODcxNWUxODA5YmU1XkEyXkFqcGdeQXVyNTIzOTk5ODM@._V1_Ratio0.6763_AL_.jpg,,8.4,420437
tt0114709,76,Toy Story,Toy Story (1995),1995,https://m.media-amazon.com/images/M/MV5BMDU2ZWJlMjktMTRhMy00ZTA5LWEzNDgtYmNmZTEwZTViZWJkXkEyXkFqcGdeQXVyNDQ2OTk4MzI@._V1_Ratio0.6763_AL_.jpg,,8.3,1046989
tt0082096,77,Das Boot,Das Boot (1981),1981,https://m.media-amazon.com/images/M/MV5BNDBjMWUxNTUtNjZiNi00YzJhLTgzNzUtMTRiY2FkZmMzYTNjXkEyXkFqcGdeQXVyMTUzMDUzNTI3._V1_Ratio0.6763_AL_.jpg,,8.4,260590
tt0112573,78,Braveheart,Braveheart (1995),1995,https://m.media-amazon.com/images/M/MV5BMzkzMmU0YTYtOWM3My00YzBmLWI0YzctOGYyNTkwMWE5MTJkXkEyXkFqcGdeQXVyNzkwMjQ5NzM@._V1_Ratio0.6763_AL_.jpg,,8.3,1075505
tt4154796,79,Avengers: Endgame,Avengers: Endgame (2019),2019,https://m.media-amazon.com/images/M/MV5BMTc5MDE2ODcwNV5BMl5BanBnXkFtZTgwMzI2NzQ2NzM@._V1_Ratio0.6763_AL_.jpg,,8.4,1229909
tt7286456,80,Joker,Joker (2019),2019,https://m.media-amazon.com/images/M/MV5BNGVjNWI4ZGUtNzE0MS00YTJmLWE0ZDctN2ZiYTk2YmI3NTYyXkEyXkFqcGdeQXVyMTkxNjUyNQ@@._V1_Ratio0.6763_AL_.jpg,,8.4,1426028
tt0119698,81,Princess Mononoke,Princess Mononoke (1997),1997,https://m.media-amazon.com/images/M/MV5BNTZkYmI0MmEtNGFlZC00OWZjLWFjMmItMjk1OWZkOWJiZGVjXkEyXkFqcGdeQXVyMTMxODk2OTU@._V1_Ratio0.6763_AL_.jpg,,8.3,420676
tt0119217,82,Good Will Hunting,Good Will Hunting (1997),1997,https://m.media-amazon.com/images/M/MV5BOTI0MzcxMTYtZDVkMy00NjY1LTgyMTYtZmUxN2M3NmQ2NWJhXkEyXkFqcGdeQXVyMTQxNzMzNDI@._V1_Ratio0.6763_AL_.jpg,,8.3,1032806
tt5311514,83,Your Name.,Your Name. (2016),2016,https://m.media-amazon.com/images/M/MV5BODRmZDVmNzUtZDA4ZC00NjhkLWI2M2UtN2M0ZDIzNDcxYThjL2ltYWdlXkEyXkFqcGdeQXVyNTk0MzMzODA@._V1_Ratio0.6763_AL_.jpg,,8.4,305041
tt0087843,84,Once Upon a Time in America,Once Upon a Time in America (1984),1984,https://m.media-amazon.com/images/M/MV5BMmQzZjdmZDAtOGE2Yy00MmUwLTljYzgtZTMwMjk3ZDdiOWUyXkEyXkFqcGdeQXVyNjc5NjEzNA@@._V1_Ratio0.6763_AL_.jpg,,8.3,370271
tt0057565,85,High and Low,High and Low (1963),1963,https://m.media-amazon.com/images/M/MV5BOTI4NTNhZDMtMWNkZi00MTRmLWJmZDQtMmJkMGVmZTEzODlhXkEyXkFqcGdeQXVyNjc1NTYyMjg@._V1_Ratio0.6763_AL_.jpg,,8.4,50843
tt1187043,86,3 Idiots,3 Idiots (2009),2009,https://m.media-amazon.com/images/M/MV5BNTkyOGVjMGEtNmQzZi00NzFlLTlhOWQtODYyMDc2ZGJmYzFhXkEyXkFqcGdeQXVyNjU0OTQ0OTY@._V1_Ratio0.6957_AL_.jpg,,8.4,422596
tt0045152,87,Singin' in the Rain,Singin' in the Rain (1952),1952,https://m.media-amazon.com/images/M/MV5BZDRjNGViMjQtOThlMi00MTA3LThkYzQtNzJkYjBkMGE0YzE1XkEyXkFqcGdeQXVyNDYyMDk5MTU@._V1_Ratio0.6860_AL_.jpg,,8.3,255467
tt8267604,88,Capernaum,Capernaum (2018),2018,https://m.media-amazon.com/images/M/MV5BMmExNzU2ZWMtYzUwYi00YmM2LTkxZTQtNmVhNjY0NTMyMWI2XkEyXkFqcGdeQXVyMTMxODk2OTU@._V1_Ratio0.6860_AL_.jpg,,8.4,101090
tt0180093,89,Requiem for a Dream,Requiem for a Dream (2000),2000,https://m.media-amazon.com/images/M/MV5BOTdiNzJlOWUtNWMwNS00NmFlLWI0YTEtZmI3YjIzZWUyY2Y3XkEyXkFqcGdeQXVyNjU0OTQ0OTY@._V1_Ratio0.6763_AL_.jpg,,8.3,882269
tt0091251,90,Come and See,Come and See (1985),1985,https://m.media-amazon.com/images/M/MV5BODM4Njg0NTAtYjI5Ny00ZjAxLTkwNmItZTMxMWU5M2U3M2RjXkEyXkFqcGdeQXVyNzkwMjQ5NzM@._V1_Ratio0.6763_AL_.jpg,,8.4,92143
tt0435761,91,Toy Story 3,Toy Story 3 (2010),2010,https://m.media-amazon.com/images/M/MV5BMTgxOTY4Mjc0MF5BMl5BanBnXkFtZTcwNTA4MDQyMw@@._V1_Ratio0.7053_AL_.jpg,,8.3,876649
tt0086190,92,Star Wars: Episode VI - Return of the Jedi,Star Wars: Episode VI - Return of the Jedi (1983),1983,https://m.media-amazon.com/images/M/MV5BOWZlMjFiYzgtMTUzNC00Y2IzLTk1NTMtZmNhMTczNTk0ODk1XkEyXkFqcGdeQXVyNTAyODkwOQ@@._V1_Ratio0.6763_AL_.jpg,,8.3,1101568
tt0338013,93,Eternal Sunshine of the Spotless Mind,Eternal Sunshine of the Spotless Mind (2004),2004,https://m.media-amazon.com/images/M/MV5BMTY4NzcwODg3Nl5BMl5BanBnXkFtZTcwNTEwOTMyMw@@._V1_Ratio0.6763_AL_.jpg,,8.3,1055242
tt0062622,94,2001: A Space Odyssey,2001: A Space Odyssey (1968),1968,https://m.media-amazon.com/images/M/MV5BMmNlYzRiNDctZWNhMi00MzI4LThkZTctMTUzMmZkMmFmNThmXkEyXkFqcGdeQXVyNzkwMjQ5NzM@._V1_Ratio0.6763_AL_.jpg,,8.3,704836
tt2106476,95,The Hunt,The Hunt (2012),2012,https://m.media-amazon.com/images/M/MV5BMTg2NDg3ODg4NF5BMl5BanBnXkFtZTcwNzk3NTc3Nw@@._V1_Ratio0.7053_AL_.jpg,,8.3,354311
tt0105236,96,Reservoir Dogs,Reservoir Dogs (1992),1992,https://m.media-amazon.com/images/M/MV5BZmExNmEwYWItYmQzOS00YjA5LTk2MjktZjEyZDE1Y2QxNjA1XkEyXkFqcGdeQXVyMTQxNzMzNDI@._V1_Ratio0.6763_AL_.jpg,,8.3,1068028
tt0044741,97,Ikiru,Ikiru (1952),1952,https://m.media-amazon.com/images/M/MV5BYWM1YmZkNTctZDAwNy00ZTY4LWFjMTktYzU4ZjViMmU1OTJmXkEyXkFqcGdeQXVyMTA0MTM5NjI2._V1_Ratio0.6763_AL_.jpg,,8.3,85093
tt0056172,98,Lawrence of Arabia,Lawrence of Arabia (1962),1962,https://m.media-amazon.com/images/M/MV5BYWY5ZjhjNGYtZmI2Ny00ODM0LWFkNzgtZmI1YzA2N2MxMzA0XkEyXkFqcGdeQXVyNjUwNzk3NDc@._V1_Ratio0.6957_AL_.jpg,,8.3,308185
tt0053604,99,The Apartment,The Apartment (1960),1960,https://m.media-amazon.com/images/M/MV5BNzkwODFjNzItMmMwNi00MTU5LWE2MzktM2M4ZDczZGM1MmViXkEyXkFqcGdeQXVyNDY2MTk1ODk@._V1_Ratio0.6763_AL_.jpg,,8.3,192000
tt0033467,100,Citizen Kane,Citizen Kane (1941),1941,https://m.media-amazon.com/images/M/MV5BYjBiOTYxZWItMzdiZi00NjlkLWIzZTYtYmFhZjhiMTljOTdkXkEyXkFqcGdeQXVyNzkwMjQ5NzM@._V1_Ratio0.6763_AL_.jpg,,8.3,459283
tt0022100,101,M,M (1931),1931,https://m.media-amazon.com/images/M/MV5BODA4ODk3OTEzMF5BMl5BanBnXkFtZTgwMTQ2ODMwMzE@._V1_Ratio0.6763_AL_.jpg,,8.3,165635
tt0053125,102,North by Northwest,North by Northwest (1959),1959,https://m.media-amazon.com/images/M/MV5BZDA3NDExMTUtMDlhOC00MmQ5LWExZGUtYmI1NGVlZWI4OWNiXkEyXkFqcGdeQXVyNjc1NTYyMjg@._V1_Ratio0.6763_AL_.jpg,,8.3,340867
tt0052357,103,Vertigo,Vertigo (1958),1958,https://m.media-amazon.com/images/M/MV5BYTE4ODEwZDUtNDFjOC00NjAxLWEzYTQtYTI1NGVmZmFlNjdiL2ltYWdlL2ltYWdlXkEyXkFqcGdeQXVyNjc1NTYyMjg@._V1_Ratio0.6763_AL_.jpg,,8.3,419759
tt0036775,104,Double Indemnity,Double Indemnity (1944),1944,https://m.media-amazon.com/images/M/MV5BOTdlNjgyZGUtOTczYi00MDdhLTljZmMtYTEwZmRiOWFkYjRhXkEyXkFqcGdeQXVyNDY2MTk1ODk@._V1_Ratio0.6763_AL_.jpg,,8.3,164628
tt0211915,105,Amélie,Amélie (2001),2001,https://m.media-amazon.com/images/M/MV5BNDg4NjM1YjMtYmNhZC00MjM0LWFiZmYtNGY1YjA3MzZmODc5XkEyXkFqcGdeQXVyNDk3NzU2MTQ@._V1_Ratio0.6763_AL_.jpg,,8.3,783214
tt0086250,106,Scarface,Scarface (1983),1983,https://m.media-amazon.com/images/M/MV5BNjdjNGQ4NDEtNTEwYS00MTgxLTliYzQtYzE2ZDRiZjFhZmNlXkEyXkFqcGdeQXVyNjU0OTQ0OTY@._V1_Ratio0.6763_AL_.jpg,,8.3,894602
tt0093058,107,Full Metal Jacket,Full Metal Jacket (1987),1987,https://m.media-amazon.com/images/M/MV5BNzkxODk0NjEtYjc4Mi00ZDI0LTgyYjEtYzc1NDkxY2YzYTgyXkEyXkFqcGdeQXVyNzkwMjQ5NzM@._V1_Ratio0.6763_AL_.jpg,,8.3,776249
tt1255953,108,Incendies,Incendies (2010),2010,https://m.media-amazon.com/images/M/MV5BMWE3MGYzZjktY2Q5Mi00Y2NiLWIyYWUtMmIyNzA3YmZlMGFhXkEyXkFqcGdeQXVyMTMxODk2OTU@._V1_Ratio0.6763_AL_.jpg,,8.3,191932
tt0066921,109,A Clockwork Orange,A Clockwork Orange (1971),1971,https://m.media-amazon.com/images/M/MV5BMTY3MjM1Mzc4N15BMl5BanBnXkFtZTgwODM0NzAxMDE@._V1_Ratio0.6763_AL_.jpg,,8.3,866392
tt0113277,110,Heat,Heat (1995),1995,https://m.media-amazon.com/images/M/MV5BYjZjNTJlZGUtZTE1Ny00ZDc4LTgwYjUtMzk0NDgwYzZjYTk1XkEyXkFqcGdeQXVyNjU0OTQ0OTY@._V1_Ratio0.6957_AL_.jpg,,8.3,701110
tt1049413,111,Up,Up (2009),2009,https://m.media-amazon.com/images/M/MV5BYjBkM2RjMzItM2M3Ni00N2NjLWE3NzMtMGY4MzE4MDAzMTRiXkEyXkFqcGdeQXVyNDUzOTQ5MjY@._V1_Ratio0.6763_AL_.jpg,,8.3,1100689
tt0056592,112,To Kill a Mockingbird,To Kill a Mockingbird (1962),1962,https://m.media-amazon.com/images/M/MV5BNmVmYzcwNzMtMWM1NS00MWIyLThlMDEtYzUwZDgzODE1NmE2XkEyXkFqcGdeQXVyNzkwMjQ5NzM@._V1_Ratio0.6763_AL_.jpg,,8.3,328220
tt8503618,113,Hamilton,Hamilton (2020),2020,https://m.media-amazon.com/images/M/MV5BNjViNWRjYWEtZTI0NC00N2E3LTk0NGQtMjY4NTM3OGNkZjY0XkEyXkFqcGdeQXVyMjUxMTY3ODM@._V1_Ratio0.6763_AL_.jpg,,8.3,108438
tt0070735,114,The Sting,The Sting (1973),1973,https://m.media-amazon.com/images/M/MV5BNGU3NjQ4YTMtZGJjOS00YTQ3LThmNmItMTI5MDE2ODI3NzY3XkEyXkFqcGdeQXVyMjUzOTY1NTc@._V1_Ratio0.6763_AL_.jpg,,8.3,274792
tt1832382,115,A Separation,A Separation (2011),2011,https://m.media-amazon.com/images/M/MV5BN2JmMjViMjMtZTM5Mi00ZGZkLTk5YzctZDg5MjFjZDE4NjNkXkEyXkFqcGdeQXVyMTMxODk2OTU@._V1_Ratio0.6763_AL_.jpg,,8.3,254664
tt0097576,116,Indiana Jones and the Last Crusade,Indiana Jones and the Last Crusade (1989),1989,https://m.media-amazon.com/images/M/MV5BY2Q0ODg4ZmItNDZiYi00ZWY5LTg2NzctNmYwZjA5OThmNzE1XkEyXkFqcGdeQXVyMjM4MzQ4OTQ@._V1_Ratio0.6763_AL_.jpg,,8.2,797325
tt0017136,117,Metropolis,Metropolis (1927),1927,https://m.media-amazon.com/images/M/MV5BMTg5YWIyMWUtZDY5My00Zjc1LTljOTctYmI0MWRmY2M2NmRkXkEyXkFqcGdeQXVyMTMxODk2OTU@._V1_Ratio0.6763_AL_.jpg,,8.3,182276
tt0095016,118,Die Hard,Die Hard (1988),1988,https://m.media-amazon.com/images/M/MV5BZjRlNDUxZjAtOGQ4OC00OTNlLTgxNmQtYTBmMDgwZmNmNjkxXkEyXkFqcGdeQXVyNzkwMjQ5NzM@._V1_Ratio0.6763_AL_.jpg,,8.2,919963
tt0986264,119,Like Stars on Earth,Like Stars on Earth (2007),2007,https://m.media-amazon.com/images/M/MV5BYjY0MGU3MmQtMGVhOS00M2IyLWI1MTktZGUxMzBjMTE5ZDA3XkEyXkFqcGdeQXVyNjU0OTQ0OTY@._V1_Ratio0.6957_AL_.jpg,,8.3,203052
tt0208092,120,Snatch,Snatch (2000),2000,https://m.media-amazon.com/images/M/MV5BMTA2NDYxOGYtYjU1Mi00Y2QzLTgxMTQtMWI1MGI0ZGQ5MmU4XkEyXkFqcGdeQXVyNDk3NzU2MTQ@._V1_Ratio0.6860_AL_.jpg,,8.2,893249
tt0040522,121,Bicycle Thieves,Bicycle Thieves (1948),1948,https://m.media-amazon.com/images/M/MV5BNmI1ODdjODctMDlmMC00ZWViLWI5MzYtYzRhNDdjYmM3MzFjXkEyXkFqcGdeQXVyMTMxODk2OTU@._V1_Ratio0.6957_AL_.jpg,,8.3,171857
tt0119488,122,L.A. Confidential,L.A. Confidential (1997),1997,https://m.media-amazon.com/images/M/MV5BMDQ2YzEyZGItYWRhOS00MjBmLTkzMDUtMTdjYzkyMmQxZTJlXkEyXkFqcGdeQXVyNjU0OTQ0OTY@._V1_Ratio0.6860_AL_.jpg,,8.2,605699
tt8579674,123,1917,1917 (2019),2019,https://m.media-amazon.com/images/M/MV5BOTdmNTFjNDEtNzg0My00ZjkxLTg1ZDAtZTdkMDc2ZmFiNWQ1XkEyXkFqcGdeQXVyNTAzNzgwNTg@._V1_Ratio0.6763_AL_.jpg,,8.2,652004
tt0075314,124,Taxi Driver,Taxi Driver (1976),1976,https://m.media-amazon.com/images/M/MV5BM2M1MmVhNDgtNmI0YS00ZDNmLTkyNjctNTJiYTQ2N2NmYzc2XkEyXkFqcGdeQXVyNzkwMjQ5NzM@._V1_Ratio0.6763_AL_.jpg,,8.2,896649
tt0363163,125,Downfall,Downfall (2004),2004,https://m.media-amazon.com/images/M/MV5BMTU0NTU5NTAyMl5BMl5BanBnXkFtZTYwNzYwMDg2._V1_Ratio0.6860_AL_.jpg,,8.2,369468
tt5074352,126,Dangal,Dangal (2016),2016,https://m.media-amazon.com/images/M/MV5BMTQ4MzQzMzM2Nl5BMl5BanBnXkFtZTgwMTQ1NzU3MDI@._V1_Ratio0.7150_AL_.jpg,,8.3,204316
tt0059578,127,For a Few Dollars More,For a Few Dollars More (1965),1965,https://m.media-amazon.com/images/M/MV5BMzJlZTNkYjQtMTE1OS00YTJlLTgxNjItYzg4NTllODdkMzBiXkEyXkFqcGdeQXVyMjUzOTY1NTc@._V1_Ratio0.6763_AL_.jpg,,8.2,269291
tt0372784,128,Batman Begins,Batman Begins (2005),2005,https://m.media-amazon.com/images/M/MV5BOTY4YjI2N2MtYmFlMC00ZjcyLTg3YjEtMDQyM2ZjYzQ5YWFkXkEyXkFqcGdeQXVyMTQxNzMzNDI@._V1_Ratio0.6763_AL_.jpg,,8.2,1547044
tt1745960,129,Top Gun: Maverick,Top Gun: Maverick (2022),2022,https://m.media-amazon.com/images/M/MV5BZWYzOGEwNTgtNWU3NS00ZTQ0LWJkODUtMmVhMjIwMjA1ZmQwXkEyXkFqcGdeQXVyMjkwOTAyMDU@._V1_Ratio0.6763_AL_.jpg,,8.3,644183
tt0053291,130,Some Like It Hot,Some Like It Hot (1959),1959,https://m.media-amazon.com/images/M/MV5BNzAyOGIxYjAtMGY2NC00ZTgyLWIwMWEtYzY0OWQ4NDFjOTc5XkEyXkFqcGdeQXVyNjU0OTQ0OTY@._V1_Ratio0.6763_AL_.jpg,,8.2,278961
tt0012349,131,The Kid,The Kid (1921),1921,https://m.media-amazon.com/images/M/MV5BZjhhMThhNDItNTY2MC00MmU1LTliNDEtNDdhZjdlNTY5ZDQ1XkEyXkFqcGdeQXVyNjc1NTYyMjg@._V1_Ratio0.6763_AL_.jpg,,8.2,132542
tt0993846,132,The Wolf of Wall Street,The Wolf of Wall Street (2013),2013,https://m.media-amazon.com/images/M/MV5BMjIxMjgxNTk0MF5BMl5BanBnXkFtZTgwNjIyOTg2MDE@._V1_Ratio0.6763_AL_.jpg,,8.2,1532082
tt10272386,133,The Father,The Father (2020),2020,https://m.media-amazon.com/images/M/MV5BZGJhNWRiOWQtMjI4OS00ZjcxLTgwMTAtMzQ2ODkxY2JkOTVlXkEyXkFqcGdeQXVyMTkxNjUyNQ@@._V1_Ratio0.6763_AL_.jpg,,8.2,181886
tt6966692,134,Green Book,Green Book (2018),2018,https://m.media-amazon.com/images/M/MV5BYzIzYmJlYTYtNGNiYy00N2EwLTk4ZjItMGYyZTJiOTVkM2RlXkEyXkFqcGdeQXVyODY1NDk1NjE@._V1_Ratio0.6763_AL_.jpg,,8.2,544099
tt0042192,135,All About Eve,All About Eve (1950),1950,https://m.media-amazon.com/images/M/MV5BYmE1M2Y3NTYtYTI0Mi00N2JlLTkzMzItOTY1MTlhNWNkMDgzXkEyXkFqcGdeQXVyMTUzMDUzNTI3._V1_Ratio0.6763_AL_.jpg,,8.2,136790
tt0055031,136,Judgment at Nuremberg,Judgment at Nuremberg (1961),1961,https://m.media-amazon.com/images/M/MV5BNDc2ODQ5NTE2MV5BMl5BanBnXkFtZTcwODExMjUyNA@@._V1_Ratio0.6763_AL_.jpg,,8.3,82870
tt0120382,137,The Truman Show,The Truman Show (1998),1998,https://m.media-amazon.com/images/M/MV5BMDIzODcyY2EtMmY2MC00ZWVlLTgwMzAtMjQwOWUyNmJjNTYyXkEyXkFqcGdeQXVyNDk3NzU2MTQ@._V1_Ratio0.6763_AL_.jpg,,8.2,1160519
tt0469494,138,There Will Be Blood,There Will Be Blood (2007),2007,https://m.media-amazon.com/images/M/MV5BMjAxODQ4MDU5NV5BMl5BanBnXkFtZTcwMDU4MjU1MQ@@._V1_Ratio0.6763_AL_.jpg,,8.2,626980
tt0112641,139,Casino,Casino (1995),1995,https://m.media-amazon.com/images/M/MV5BMTcxOWYzNDYtYmM4YS00N2NkLTk0NTAtNjg1ODgwZjAxYzI3XkEyXkFqcGdeQXVyNTA4NzY1MzY@._V1_Ratio0.6763_AL_.jpg,,8.2,551291
tt1130884,140,Shutter Island,Shutter Island (2010),2010,https://m.media-amazon.com/images/M/MV5BYzhiNDkyNzktNTZmYS00ZTBkLTk2MDAtM2U0YjU1MzgxZjgzXkEyXkFqcGdeQXVyMTMxODk2OTU@._V1_Ratio0.6763_AL_.jpg,,8.2,1413388
tt0089881,141,Ran,Ran (1985),1985,https://m.media-amazon.com/images/M/MV5BMmU1NGYwZWYtOWExNi00ZTEyLTgwMmUtM2ZlMDVjNWM4YjVlXkEyXkFqcGdeQXVyMjUzOTY1NTc@._V1_Ratio0.6763_AL_.jpg,,8.2,133298
tt0457430,142,Pan's Labyrinth,Pan's Labyrinth (2006),2006,https://m.media-amazon.com/images/M/MV5BYzFjMThiMGItOWRlMC00MDI4LThmOGUtYTNlZGZiYWI1YjMyXkEyXkFqcGdeQXVyMjUzOTY1NTc@._V1_Ratio0.6763_AL_.jpg,,8.2,693407
tt0107290,143,Jurassic Park,Jurassic Park (1993),1993,https://m.media-amazon.com/images/M/MV5BMjM2MDgxMDg0Nl5BMl5BanBnXkFtZTgwNTM2OTM5NDE@._V1_Ratio0.6763_AL_.jpg,,8.2,1044038
tt0167404,144,The Sixth Sense,The Sixth Sense (1999),1999,https://m.media-amazon.com/images/M/MV5BMWM4NTFhYjctNzUyNi00NGMwLTk3NTYtMDIyNTZmMzRlYmQyXkEyXkFqcGdeQXVyMTAwMzUyOTc@._V1_Ratio0.6763_AL_.jpg,,8.2,1032716
tt0105695,145,Unforgiven,Unforgiven (1992),1992,https://m.media-amazon.com/images/M/MV5BODM3YWY4NmQtN2Y3Ni00OTg0LWFhZGQtZWE3ZWY4MTJlOWU4XkEyXkFqcGdeQXVyNjU0OTQ0OTY@._V1_Ratio0.6763_AL_.jpg,,8.2,429381
tt0268978,146,A Beautiful Mind,A Beautiful Mind (2001),2001,https://m.media-amazon.com/images/M/MV5BMzcwYWFkYzktZjAzNC00OGY1LWI4YTgtNzc5MzVjMDVmNjY0XkEyXkFqcGdeQXVyMTQxNzMzNDI@._V1_Ratio0.6763_AL_.jpg,,8.2,970284
tt0477348,147,No Country for Old Men,No Country for Old Men (2007),2007,https://m.media-amazon.com/images/M/MV5BMjA5Njk3MjM4OV5BMl5BanBnXkFtZTcwMTc5MTE1MQ@@._V1_Ratio0.6860_AL_.jpg,,8.2,1034004
tt0040897,148,The Treasure of the Sierra Madre,The Treasure of the Sierra Madre (1948),1948,https://m.media-amazon.com/images/M/MV5BOTJlZWMxYzEtMjlkMS00ODE0LThlM2ItMDI3NGQ2YjhmMzkxXkEyXkFqcGdeQXVyMDI2NDg0NQ@@._V1_Ratio0.6763_AL_.jpg,,8.2,130570
tt0055630,149,Yojimbo,Yojimbo (1961),1961,https://m.media-amazon.com/images/M/MV5BZThiZjAzZjgtNDU3MC00YThhLThjYWUtZGRkYjc2ZWZlOTVjXkEyXkFqcGdeQXVyNTA4NzY1MzY@._V1_Ratio0.6763_AL_.jpg,,8.2,128978
tt0266697,150,Kill Bill: Vol. 1,Kill Bill: Vol. 1 (2003),2003,https://m.media-amazon.com/images/M/MV5BNzM3NDFhYTAtYmU5Mi00NGRmLTljYjgtMDkyODQ4MjNkMGY2XkEyXkFqcGdeQXVyNzkwMjQ5NzM@._V1_Ratio0.6763_AL_.jpg,,8.2,1168255
tt0084787,151,The Thing,The Thing (1982),1982,https://m.media-amazon.com/images/M/MV5BNGViZWZmM2EtNGYzZi00ZDAyLTk3ODMtNzIyZTBjN2Y1NmM1XkEyXkFqcGdeQXVyNTAyODkwOQ@@._V1_Ratio0.6763_AL_.jpg,,8.2,454958
tt0071853,152,Monty Python and the Holy Grail,Monty Python and the Holy Grail (1975),1975,https://m.media-amazon.com/images/M/MV5BN2IyNTE4YzUtZWU0Mi00MGIwLTgyMmQtMzQ4YzQxYWNlYWE2XkEyXkFqcGdeQXVyNjU0OTQ0OTY@._V1_Ratio0.6763_AL_.jpg,,8.2,562151
tt0057115,153,The Great Escape,The Great Escape (1963),1963,https://m.media-amazon.com/images/M/MV5BNzA2NmYxMWUtNzBlMC00MWM2LTkwNmQtYTFlZjQwODNhOWE0XkEyXkFqcGdeQXVyNTIzOTk5ODM@._V1_Ratio0.6763_AL_.jpg,,8.2,254912
tt0266543,154,Finding Nemo,Finding Nemo (2003),2003,https://m.media-amazon.com/images/M/MV5BZmYxZjg3OWEtNzg5Yi00M2YzLWI1YzYtYTQ0NTgwNzhjN2E1XkEyXkFqcGdeQXVyNDUyOTg3Njg@._V1_Ratio0.6763_AL_.jpg,,8.2,1092213
tt0042876,155,Rashomon,Rashomon (1950),1950,https://m.media-amazon.com/images/M/MV5BMjEzMzA4NDE2OF5BMl5BanBnXkFtZTcwNTc5MDI2NQ@@._V1_Ratio0.6763_AL_.jpg,,8.2,177093
tt0080678,156,The Elephant Man,The Elephant Man (1980),1980,https://m.media-amazon.com/images/M/MV5BMDVjNjIwOGItNDE3Ny00OThjLWE0NzQtZTU3YjMzZTZjMzhkXkEyXkFqcGdeQXVyMTQxNzMzNDI@._V1_Ratio0.6763_AL_.jpg,,8.2,253902
tt0071315,157,Chinatown,Chinatown (1974),1974,https://m.media-amazon.com/images/M/MV5BMjJkMDZhYzItZTFhMi00ZGI4LThlNTAtZDNlYmEwNjFkNDYzXkEyXkFqcGdeQXVyMjUzOTY1NTc@._V1_Ratio0.6763_AL_.jpg,,8.2,342915
tt0347149,158,Howl's Moving Castle,Howl's Moving Castle (2004),2004,https://m.media-amazon.com/images/M/MV5BNmM4YTFmMmItMGE3Yy00MmRkLTlmZGEtMzZlOTQzYjk3MzA2XkEyXkFqcGdeQXVyMTMxODk2OTU@._V1_Ratio0.6763_AL_.jpg,,8.2,431106
tt0046912,159,Dial M for Murder,Dial M for Murder (1954),1954,https://m.media-amazon.com/images/M/MV5BOWIwODIxYWItZDI4MS00YzhhLWE3MmYtMzlhZDIwOTMzZmE5L2ltYWdlXkEyXkFqcGdeQXVyNjc1NTYyMjg@._V1_Ratio0.6763_AL_.jpg,,8.2,185289
tt0031381,160,Gone with the Wind,Gone with the Wind (1939),1939,https://m.media-amazon.com/images/M/MV5BYjUyZWZkM2UtMzYxYy00ZmQ3LWFmZTQtOGE2YjBkNjA3YWZlXkEyXkFqcGdeQXVyNzkwMjQ5NzM@._V1_Ratio0.6763_AL_.jpg,,8.2,328780
tt0434409,161,V for Vendetta,V for Vendetta (2005),2005,https://m.media-amazon.com/images/M/MV5BOTI5ODc3NzExNV5BMl5BanBnXkFtZTcwNzYxNzQzMw@@._V1_Ratio0.6763_AL_.jpg,,8.2,1162776
tt1392214,162,Prisoners,Prisoners (2013),2013,https://m.media-amazon.com/images/M/MV5BMTg0NTIzMjQ1NV5BMl5BanBnXkFtZTcwNDc3MzM5OQ@@._V1_Ratio0.6763_AL_.jpg,,8.1,782035
tt0081398,163,Raging Bull,Raging Bull (1980),1980,https://m.media-amazon.com/images/M/MV5BYjRmODkzNDItMTNhNi00YjJlLTg0ZjAtODlhZTM0YzgzYThlXkEyXkFqcGdeQXVyNzQ1ODk3MTQ@._V1_Ratio0.6860_AL_.jpg,,8.1,372730
tt0120735,164,"Lock, Stock and Two Smoking Barrels","Lock, Stock and Two Smoking Barrels (1998)",1998,https://m.media-amazon.com/images/M/MV5BMTAyN2JmZmEtNjAyMy00NzYwLThmY2MtYWQ3OGNhNjExMmM4XkEyXkFqcGdeQXVyNDk3NzU2MTQ@._V1_Ratio0.6763_AL_.jpg,,8.1,606799
tt1305806,165,The Secret in Their Eyes,The Secret in Their Eyes (2009),2009,https://m.media-amazon.com/images/M/MV5BMTgwNTI3OTczOV5BMl5BanBnXkFtZTcwMTM3MTUyMw@@._V1_Ratio0.6763_AL_.jpg,,8.2,218851
tt2096673,166,Inside Out,Inside Out (2015),2015,https://m.media-amazon.com/images/M/MV5BOTgxMDQwMDk0OF5BMl5BanBnXkFtZTgwNjU5OTg2NDE@._V1_Ratio0.6763_AL_.jpg,,8.1,764118
tt10872600,167,Spider-Man: No Way Home,Spider-Man: No Way Home (2021),2021,https://m.media-amazon.com/images/M/MV5BZWMyYzFjYTYtNTRjYi00OGExLWE2YzgtOGRmYjAxZTU3NzBiXkEyXkFqcGdeQXVyMzQ0MzA0NTM@._V1_Ratio0.6763_AL_.jpg,,8.2,846378
tt5027774,168,"Three Billboards Outside Ebbing, Missouri","Three Billboards Outside Ebbing, Missouri (2017)",2017,https://m.media-amazon.com/images/M/MV5BMjI0ODcxNzM1N15BMl5BanBnXkFtZTgwMzIwMTEwNDI@._V1_Ratio0.6763_AL_.jpg,,8.1,541667
tt0117951,169,Trainspotting,Trainspotting (1996),1996,https://m.media-amazon.com/images/M/MV5BMzA5Zjc3ZTMtMmU5YS00YTMwLWI4MWUtYTU0YTVmNjVmODZhXkEyXkFqcGdeQXVyNjU0OTQ0OTY@._V1_Ratio0.6763_AL_.jpg,,8.1,714443
tt0050212,170,The Bridge on the River Kwai,The Bridge on the River Kwai (1957),1957,https://m.media-amazon.com/images/M/MV5BOGY5NmNlMmQtYzRlYy00NGQ5LWFkYjYtNzExZmQyMTg0ZDA0XkEyXkFqcGdeQXVyNDIzMzcwNjc@._V1_Ratio0.6763_AL_.jpg,,8.1,230103
tt0116282,171,Fargo,Fargo (1996),1996,https://m.media-amazon.com/images/M/MV5BNDJiZDgyZjctYmRjMS00ZjdkLTkwMTEtNGU1NDg3NDQ0Yzk1XkEyXkFqcGdeQXVyNzkwMjQ5NzM@._V1_Ratio0.6763_AL_.jpg,,8.1,709440
tt1291584,172,Warrior,Warrior (2011),2011,https://m.media-amazon.com/images/M/MV5BMTk4ODk5MTMyNV5BMl5BanBnXkFtZTcwMDMyNTg0Ng@@._V1_Ratio0.6763_AL_.jpg,,8.1,490705
tt0264464,173,Catch Me If You Can,Catch Me If You Can (2002),2002,https://m.media-amazon.com/images/M/MV5BMTY5MzYzNjc5NV5BMl5BanBnXkFtZTYwNTUyNTc2._V1_Ratio0.6763_AL_.jpg,,8.1,1062333
tt1205489,174,Gran Torino,Gran Torino (2008),2008,https://m.media-amazon.com/images/M/MV5BMTc5NTk2OTU1Nl5BMl5BanBnXkFtZTcwMDc3NjAwMg@@._V1_Ratio0.6763_AL_.jpg,,8.1,803600
tt4729430,175,Klaus,Klaus (2019),2019,https://m.media-amazon.com/images/M/MV5BMWYwOThjM2ItZGYxNy00NTQwLWFlZWEtM2MzM2Q5MmY3NDU5XkEyXkFqcGdeQXVyMTkxNjUyNQ@@._V1_Ratio0.6763_AL_.jpg,,8.2,175431
tt0096283,176,My Neighbor Totoro,My Neighbor Totoro (1988),1988,https://m.media-amazon.com/images/M/MV5BYzJjMTYyMjQtZDI0My00ZjE2LTkyNGYtOTllNGQxNDMyZjE0XkEyXkFqcGdeQXVyMTMxODk2OTU@._V1_Ratio0.7150_AL_.jpg,,8.1,366716
tt0405159,177,Million Dollar Baby,Million Dollar Baby (2004),2004,https://m.media-amazon.com/images/M/MV5BMTkxNzA1NDQxOV5BMl5BanBnXkFtZTcwNTkyMTIzMw@@._V1_Ratio0.6763_AL_.jpg,,8.1,711809
tt1201607,178,Harry Potter and the Deathly Hallows: Part 2,Harry Potter and the Deathly Hallows: Part 2 (2011),2011,https://m.media-amazon.com/images/M/MV5BMGVmMWNiMDktYjQ0Mi00MWIxLTk0N2UtN2ZlYTdkN2IzNDNlXkEyXkFqcGdeQXVyODE5NzE3OTE@._V1_Ratio0.6763_AL_.jpg,,8.1,926537
tt0118849,179,Children of Heaven,Children of Heaven (1997),1997,https://m.media-amazon.com/images/M/MV5BZTYwZWQ4ZTQtZWU0MS00N2YwLWEzMDItZWFkZWY0MWVjODVhXkEyXkFqcGdeQXVyNjU0OTQ0OTY@._V1_Ratio0.6763_AL_.jpg,,8.2,79026
tt0083658,180,Blade Runner,Blade Runner (1982),1982,https://m.media-amazon.com/images/M/MV5BNzQzMzJhZTEtOWM4NS00MTdhLTg0YjgtMjM4MDRkZjUwZDBlXkEyXkFqcGdeQXVyNjU0OTQ0OTY@._V1_Ratio0.6763_AL_.jpg,,8.1,807392
tt2024544,181,12 Years a Slave,12 Years a Slave (2013),2013,https://m.media-amazon.com/images/M/MV5BMjExMTEzODkyN15BMl5BanBnXkFtZTcwNTU4NTc4OQ@@._V1_Ratio0.6763_AL_.jpg,,8.1,730049
tt0112471,182,Before Sunrise,Before Sunrise (1995),1995,https://m.media-amazon.com/images/M/MV5BZDdiZTAwYzAtMDI3Ni00OTRjLTkzN2UtMGE3MDMyZmU4NTU4XkEyXkFqcGdeQXVyNjU0OTQ0OTY@._V1_Ratio0.6763_AL_.jpg,,8.1,331211
tt2278388,183,The Grand Budapest Hotel,The Grand Budapest Hotel (2014),2014,https://m.media-amazon.com/images/M/MV5BMzM5NjUxOTEyMl5BMl5BanBnXkFtZTgwNjEyMDM0MDE@._V1_Ratio0.6763_AL_.jpg,,8.1,867285
tt0052618,184,Ben-Hur,Ben-Hur (1959),1959,https://m.media-amazon.com/images/M/MV5BNjgxY2JiZDYtZmMwOC00ZmJjLWJmODUtMTNmNWNmYWI5ODkwL2ltYWdlL2ltYWdlXkEyXkFqcGdeQXVyNjc1NTYyMjg@._V1_Ratio0.6763_AL_.jpg,,8.1,249602
tt0015864,185,The Gold Rush,The Gold Rush (1925),1925,https://m.media-amazon.com/images/M/MV5BZjEyOTE4MzMtNmMzMy00Mzc3LWJlOTQtOGJiNDE0ZmJiOTU4L2ltYWdlXkEyXkFqcGdeQXVyNTAyODkwOQ@@._V1_Ratio0.7343_AL_.jpg,,8.1,116681
tt0072684,186,Barry Lyndon,Barry Lyndon (1975),1975,https://m.media-amazon.com/images/M/MV5BNmY0MWY2NDctZDdmMi00MjA1LTk0ZTQtZDMyZTQ1NTNlYzVjXkEyXkFqcGdeQXVyMjUzOTY1NTc@._V1_Ratio0.6763_AL_.jpg,,8.1,178928
tt2267998,187,Gone Girl,Gone Girl (2014),2014,https://m.media-amazon.com/images/M/MV5BMTk0MDQ3MzAzOV5BMl5BanBnXkFtZTgwNzU1NzE3MjE@._V1_Ratio0.6763_AL_.jpg,,8.1,1041824
tt2119532,188,Hacksaw Ridge,Hacksaw Ridge (2016),2016,https://m.media-amazon.com/images/M/MV5BMjQ1NjM3MTUxNV5BMl5BanBnXkFtZTgwMDc5MTY5OTE@._V1_Ratio0.6763_AL_.jpg,,8.1,575725
tt0107207,189,In the Name of the Father,In the Name of the Father (1993),1993,https://m.media-amazon.com/images/M/MV5BMmYyOTgwYWItYmU3Ny00M2E2LTk0NWMtMDVlNmQ0MWZiMTMxXkEyXkFqcGdeQXVyNzkwMjQ5NzM@._V1_Ratio0.6763_AL_.jpg,,8.1,184008
tt0047296,190,On the Waterfront,On the Waterfront (1954),1954,https://m.media-amazon.com/images/M/MV5BY2I0MWFiZDMtNWQyYy00Njk5LTk3MDktZjZjNTNmZmVkYjkxXkEyXkFqcGdeQXVyNjc1NTYyMjg@._V1_Ratio0.6763_AL_.jpg,,8.1,161883
tt0353969,191,Memories of Murder,Memories of Murder (2003),2003,https://m.media-amazon.com/images/M/MV5BOGViNTg4YTktYTQ2Ni00MTU0LTk2NWUtMTI4OTc1YTM0NzQ2XkEyXkFqcGdeQXVyMDM2NDM2MQ@@._V1_Ratio0.6763_AL_.jpg,,8.1,207292
tt0017925,192,The General,The General (1926),1926,https://m.media-amazon.com/images/M/MV5BYmRiMDFlYjYtOTMwYy00OGY2LWE0Y2QtYzQxOGNhZmUwNTIxXkEyXkFqcGdeQXVyNzkwMjQ5NzM@._V1_Ratio0.6763_AL_.jpg,,8.1,96414
tt0077416,193,The Deer Hunter,The Deer Hunter (1978),1978,https://m.media-amazon.com/images/M/MV5BNDhmNTA0ZDMtYjhkNS00NzEzLWIzYTItOGNkMTVmYjE2YmI3XkEyXkFqcGdeQXVyNzkwMjQ5NzM@._V1_Ratio0.6763_AL_.jpg,,8.1,355529
tt3011894,194,Wild Tales,Wild Tales (2014),2014,https://m.media-amazon.com/images/M/MV5BNzAzMjA1ODAxOV5BMl5BanBnXkFtZTgwODg4NTQzNDE@._V1_Ratio0.6763_AL_.jpg,,8.1,211630
tt0050986,195,Wild Strawberries,Wild Strawberries (1957),1957,https://m.media-amazon.com/images/M/MV5BYWQxYzdhMDMtNjAyZC00NzE0LWFjYmQtYjk0YzMyYjA5NzZkXkEyXkFqcGdeQXVyMjUzOTY1NTc@._V1_Ratio0.6763_AL_.jpg,,8.1,112865
tt0097165,196,Dead Poets Society,Dead Poets Society (1989),1989,https://m.media-amazon.com/images/M/MV5BOGYwYWNjMzgtNGU4ZC00NWQ2LWEwZjUtMzE1Zjc3NjY3YTU1XkEyXkFqcGdeQXVyMTQxNzMzNDI@._V1_Ratio0.6763_AL_.jpg,,8.1,528908
tt0041959,197,The Third Man,The Third Man (1949),1949,https://m.media-amazon.com/images/M/MV5BYjE2OTdhMWUtOGJlMy00ZDViLWIzZjgtYjZkZGZmMDZjYmEyXkEyXkFqcGdeQXVyNzkwMjQ5NzM@._V1_Ratio0.6763_AL_.jpg,,8.1,178968
tt0046268,198,The Wages of Fear,The Wages of Fear (1953),1953,https://m.media-amazon.com/images/M/MV5BZDdkNzMwZmUtY2Q5MS00ZmM2LWJhYjItYTBjMWY0MGM4MDRjXkEyXkFqcGdeQXVyNTA4NzY1MzY@._V1_Ratio0.6860_AL_.jpg,,8.2,65066
tt1392190,199,Mad Max: Fury Road,Mad Max: Fury Road (2015),2015,https://m.media-amazon.com/images/M/MV5BN2EwM2I5OWMtMGQyMi00Zjg1LWJkNTctZTdjYTA4OGUwZjMyXkEyXkFqcGdeQXVyMTMxODk2OTU@._V1_Ratio0.6763_AL_.jpg,,8.1,1058450
tt0015324,200,Sherlock Jr.,Sherlock Jr. (1924),1924,https://m.media-amazon.com/images/M/MV5BZWFhOGU5NDctY2Q3YS00Y2VlLWI1NzEtZmIwY2ZiZjY4OTA2XkEyXkFqcGdeQXVyMDI2NDg0NQ@@._V1_Ratio0.6763_AL_.jpg,,8.2,55016
tt0198781,201,"Monsters, Inc.","Monsters, Inc. (2001)",2001,https://m.media-amazon.com/images/M/MV5BMTY1NTI0ODUyOF5BMl5BanBnXkFtZTgwNTEyNjQ0MDE@._V1_Ratio0.6763_AL_.jpg,,8.1,958284
tt0031679,202,Mr. Smith Goes to Washington,Mr. Smith Goes to Washington (1939),1939,https://m.media-amazon.com/images/M/MV5BZTYwYjYxYzgtMDE1Ni00NzU4LWJlMTEtODQ5YmJmMGJhZjI5L2ltYWdlXkEyXkFqcGdeQXVyMDI2NDg0NQ@@._V1_Ratio0.6763_AL_.jpg,,8.1,119767
tt0073195,203,Jaws,Jaws (1975),1975,https://m.media-amazon.com/images/M/MV5BMmVmODY1MzEtYTMwZC00MzNhLWFkNDMtZjAwM2EwODUxZTA5XkEyXkFqcGdeQXVyNTAyODkwOQ@@._V1_Ratio0.6763_AL_.jpg,,8.1,646442
tt0892769,204,How to Train Your Dragon,How to Train Your Dragon (2010),2010,https://m.media-amazon.com/images/M/MV5BMjA5NDQyMjc2NF5BMl5BanBnXkFtZTcwMjg5ODcyMw@@._V1_Ratio0.6763_AL_.jpg,,8.1,782666
tt0978762,205,Mary and Max,Mary and Max (2009),2009,https://m.media-amazon.com/images/M/MV5BMDgzYjQwMDMtNGUzYi00MTRmLWIyMGMtNjE1OGZkNzY2YWIzL2ltYWdlXkEyXkFqcGdeQXVyNjU0OTQ0OTY@._V1_Ratio0.7053_AL_.jpg,,8.1,184262
tt1950186,206,Ford v Ferrari,Ford v Ferrari (2019),2019,https://m.media-amazon.com/images/M/MV5BM2UwMDVmMDItM2I2Yi00NGZmLTk4ZTUtY2JjNTQ3OGQ5ZjM2XkEyXkFqcGdeQXVyMTA1OTYzOTUx._V1_Ratio0.6763_AL_.jpg,,8.1,445832
tt0050976,207,The Seventh Seal,The Seventh Seal (1957),1957,https://m.media-amazon.com/images/M/MV5BOWM3MmE0OGYtOGVlNC00OWE1LTk5ZTAtYmUwMDIwM2ZlNWJiXkEyXkFqcGdeQXVyMjUzOTY1NTc@._V1_Ratio0.6860_AL_.jpg,,8.1,194882
tt3170832,208,Room,Room (2015),2015,https://m.media-amazon.com/images/M/MV5BMjE4NzgzNzEwMl5BMl5BanBnXkFtZTgwMTMzMDE0NjE@._V1_Ratio0.6763_AL_.jpg,,8.1,442237
tt0118715,209,The Big Lebowski,The Big Lebowski (1998),1998,https://m.media-amazon.com/images/M/MV5BMzliZDk0NjctNjhlOC00MWEyLWI3OWYtNjA5ZDYxMTMzNTc5XkEyXkFqcGdeQXVyNTAyODkwOQ@@._V1_Ratio0.6763_AL_.jpg,,8.1,845603
tt0382932,210,Ratatouille,Ratatouille (2007),2007,https://m.media-amazon.com/images/M/MV5BMTMzODU0NTkxMF5BMl5BanBnXkFtZTcwMjQ4MzMzMw@@._V1_Ratio0.6763_AL_.jpg,,8.1,799032
tt0046438,211,Tokyo Story,Tokyo Story (1953),1953,https://m.media-amazon.com/images/M/MV5BYWQ4ZTRiODktNjAzZC00Nzg1LTk1YWQtNDFmNDI0NmZiNGIwXkEyXkFqcGdeQXVyNzkwMjQ5NzM@._V1_Ratio0.6957_AL_.jpg,,8.1,66640
tt0075148,212,Rocky,Rocky (1976),1976,https://m.media-amazon.com/images/M/MV5BNTBkMjg2MjYtYTZjOS00ODQ0LTg0MDEtM2FiNmJmOGU1NGEwXkEyXkFqcGdeQXVyMjUzOTY1NTc@._V1_Ratio0.6763_AL_.jpg,,8.1,615775
tt0395169,213,Hotel Rwanda,Hotel Rwanda (2004),2004,https://m.media-amazon.com/images/M/MV5BZGJjYmIzZmQtNWE4Yy00ZGVmLWJkZGEtMzUzNmQ4ZWFlMjRhXkEyXkFqcGdeQXVyMTMxODk2OTU@._V1_Ratio0.6763_AL_.jpg,,8.1,367733
tt3315342,214,Logan,Logan (2017),2017,https://m.media-amazon.com/images/M/MV5BYzc5MTU4N2EtYTkyMi00NjdhLTg3NWEtMTY4OTEyMzJhZTAzXkEyXkFqcGdeQXVyNjc1NTYyMjg@._V1_Ratio0.6763_AL_.jpg,,8.1,811650
tt1895587,215,Spotlight,Spotlight (2015),2015,https://m.media-amazon.com/images/M/MV5BMjIyOTM5OTIzNV5BMl5BanBnXkFtZTgwMDkzODE2NjE@._V1_Ratio0.6763_AL_.jpg,,8.1,493415
tt0091763,216,Platoon,Platoon (1986),1986,https://m.media-amazon.com/images/M/MV5BMzRjZjdlMjQtODVkYS00N2YzLWJlYWYtMGVlN2E5MWEwMWQzXkEyXkFqcGdeQXVyMTQxNzMzNDI@._V1_Ratio0.6763_AL_.jpg,,8.1,431514
tt0019254,217,The Passion of Joan of Arc,The Passion of Joan of Arc (1928),1928,https://m.media-amazon.com/images/M/MV5BNjBjNDJiYTUtOWY0OS00OGVmLTg2YzctMTE0NzVhODM1ZWJmXkEyXkFqcGdeQXVyNjU0OTQ0OTY@._V1_Ratio0.6763_AL_.jpg,,8.1,59212
tt0088247,218,The Terminator,The Terminator (1984),1984,https://m.media-amazon.com/images/M/MV5BYTViNzMxZjEtZGEwNy00MDNiLWIzNGQtZDY2MjQ1OWViZjFmXkEyXkFqcGdeQXVyNzkwMjQ5NzM@._V1_Ratio0.6763_AL_.jpg,,8.1,907362
tt15097216,219,Jai Bhim,Jai Bhim (2021),2021,https://m.media-amazon.com/images/M/MV5BNzFkM2FhMzQtYjUwZi00N2Y3LWFkZWItMmZmMjQxNGQwZmNhXkEyXkFqcGdeQXVyODEyNjEwMDk@._V1_Ratio0.8019_AL_.jpg,,8.7,212828
tt0381681,220,Before Sunset,Before Sunset (2004),2004,https://m.media-amazon.com/images/M/MV5BMTQ1MjAwNTM5Ml5BMl5BanBnXkFtZTYwNDM0MTc3._V1_Ratio0.6763_AL_.jpg,,8.1,281915
tt1979320,221,Rush,Rush (2013),2013,https://m.media-amazon.com/images/M/MV5BOWEwODJmZDItYTNmZC00OGM4LThlNDktOTQzZjIzMGQxODA4XkEyXkFqcGdeQXVyNjU0OTQ0OTY@._V1_Ratio0.6763_AL_.jpg,,8.1,503818
tt0074958,222,Network,Network (1976),1976,https://m.media-amazon.com/images/M/MV5BNzY0NjU5ODUtOTAzMC00NTU5LWJkZjctYWMyOWY2MTZmOWM1XkEyXkFqcGdeQXVyMTI3ODAyMzE2._V1_Ratio0.6763_AL_.jpg,,8.1,167077
tt0036868,223,The Best Years of Our Lives,The Best Years of Our Lives (1946),1946,https://m.media-amazon.com/images/M/MV5BY2RmNTRjYzctODI4Ni00MzQyLWEyNTAtNjU0N2JkMTNhNjJkXkEyXkFqcGdeQXVyNjU0OTQ0OTY@._V1_Ratio0.6763_AL_.jpg,,8.1,69059
tt0070047,224,The Exorcist,The Exorcist (1973),1973,https://m.media-amazon.com/images/M/MV5BYWFlZGY2NDktY2ZjOS00ZWNkLTg0ZDAtZDY4MTM1ODU4ZjljXkEyXkFqcGdeQXVyMjUzOTY1NTc@._V1_Ratio0.6763_AL_.jpg,,8.1,445584
tt0092005,225,Stand by Me,Stand by Me (1986),1986,https://m.media-amazon.com/images/M/MV5BODJmY2Y2OGQtMDg2My00N2Q3LWJmZTUtYTc2ODBjZDVlNDlhXkEyXkFqcGdeQXVyMTQxNzMzNDI@._V1_Ratio0.6763_AL_.jpg,,8.1,431493
tt0113247,226,La haine,La haine (1995),1995,https://m.media-amazon.com/images/M/MV5BOTQxOGU0OWUtMzExYy00ZjIxLWJmMzAtNTI1Y2YxYTMxN2RkXkEyXkFqcGdeQXVyMjUzOTY1NTc@._V1_Ratio0.6763_AL_.jpg,,8.1,190199
tt0325980,227,Pirates of the Caribbean: The Curse of the Black Pearl,Pirates of the Caribbean: The Curse of the Black Pearl (2003),2003,https://m.media-amazon.com/images/M/MV5BNGYyZGM5MGMtYTY2Ni00M2Y1LWIzNjQtYWUzM2VlNGVhMDNhXkEyXkFqcGdeQXVyMTMxODk2OTU@._V1_Ratio0.6763_AL_.jpg,,8.1,1184874
tt0032138,228,The Wizard of Oz,The Wizard of Oz (1939),1939,https://m.media-amazon.com/images/M/MV5BNjUyMTc4MDExMV5BMl5BanBnXkFtZTgwNDg0NDIwMjE@._V1_Ratio0.6763_AL_.jpg,,8.1,420266
tt0317705,229,The Incredibles,The Incredibles (2004),2004,https://m.media-amazon.com/images/M/MV5BMTY5OTU0OTc2NV5BMl5BanBnXkFtZTcwMzU4MDcyMQ@@._V1_Ratio0.6763_AL_.jpg,,8,787707
tt0758758,230,Into the Wild,Into the Wild (2007),2007,https://m.media-amazon.com/images/M/MV5BNjQ0ODlhMWUtNmUwMS00YjExLWI4MjQtNjVmMmE2Y2E0MGRmXkEyXkFqcGdeQXVyNDk3NzU2MTQ@._V1_Ratio0.6763_AL_.jpg,,8.1,647662
tt1028532,231,Hachi: A Dog's Tale,Hachi: A Dog's Tale (2009),2009,https://m.media-amazon.com/images/M/MV5BYmQzYjgyYzEtOTVhZC00MDRkLWJjNjItYzU3N2RiMTExZjA1XkEyXkFqcGdeQXVyMTcwOTQzOTYy._V1_Ratio0.6763_AL_.jpg,,8.1,304022
tt0035446,232,To Be or Not to Be,To Be or Not to Be (1942),1942,https://m.media-amazon.com/images/M/MV5BYTIwNDcyMjktMTczMy00NDM5LTlhNDEtMmE3NGVjOTM2YjQ3XkEyXkFqcGdeQXVyNjc0MzMzNjA@._V1_Ratio0.6763_AL_.jpg,,8.2,41584
tt4016934,233,The Handmaiden,The Handmaiden (2016),2016,https://m.media-amazon.com/images/M/MV5BNDJhYTk2MTctZmVmOS00OTViLTgxNjQtMzQxOTRiMDdmNGRjXkEyXkFqcGdeQXVyMTMxODk2OTU@._V1_Ratio0.6957_AL_.jpg,,8.1,165922
tt0476735,234,My Father and My Son,My Father and My Son (2005),2005,https://m.media-amazon.com/images/M/MV5BNzEzMWYyYjEtNmVjZS00YTAyLWIyOTgtMzEzNzQxMTQzZTgwXkEyXkFqcGdeQXVyMTA0MTM5NjI2._V1_Ratio0.6763_AL_.jpg,,8.2,90579
tt0107048,235,Groundhog Day,Groundhog Day (1993),1993,https://m.media-amazon.com/images/M/MV5BZWIxNzM5YzQtY2FmMS00Yjc3LWI1ZjUtNGVjMjMzZTIxZTIxXkEyXkFqcGdeQXVyNjU0OTQ0OTY@._V1_Ratio0.6763_AL_.jpg,,8,668765
tt0058946,236,The Battle of Algiers,The Battle of Algiers (1966),1966,https://m.media-amazon.com/images/M/MV5BN2M4YTA4ZTEtN2EyNy00YTlmLWE4YzYtYjYyYjRkMWM4ZDM0XkEyXkFqcGdeQXVyMjUzOTY1NTc@._V1_Ratio0.6763_AL_.jpg,,8.1,64310
tt0032551,237,The Grapes of Wrath,The Grapes of Wrath (1940),1940,https://m.media-amazon.com/images/M/MV5BNzJiOGI2MjctYjUyMS00ZjkzLWE2ZmUtOTg4NTZkOTNhZDc1L2ltYWdlXkEyXkFqcGdeQXVyNjc1NTYyMjg@._V1_Ratio0.6763_AL_.jpg,,8.1,98370
tt0245712,238,Amores Perros,Amores Perros (2000),2000,https://m.media-amazon.com/images/M/MV5BZjUxNmEwOGItMTBmYi00MWQ1LWExY2MtNDUxMjI0OWM4M2NiXkEyXkFqcGdeQXVyMjUzOTY1NTc@._V1_Ratio0.6763_AL_.jpg,,8.1,249904
tt0059742,239,The Sound of Music,The Sound of Music (1965),1965,https://m.media-amazon.com/images/M/MV5BNWFhNjg3YjctMjg2Ny00YjBkLTg5M2EtMTk2MjA1NDY3NzQ2XkEyXkFqcGdeQXVyMTA0MTM5NjI2._V1_Ratio0.6763_AL_.jpg,,8.1,252247
tt0032976,240,Rebecca,Rebecca (1940),1940,https://m.media-amazon.com/images/M/MV5BYTcxYWExOTMtMWFmYy00ZjgzLWI0YjktNWEzYzJkZTg0NDdmL2ltYWdlXkEyXkFqcGdeQXVyNjc1NTYyMjg@._V1_Ratio0.6957_AL_.jpg,,8.1,144123
tt0061512,241,Cool Hand Luke,Cool Hand Luke (1967),1967,https://m.media-amazon.com/images/M/MV5BNjcwNTQ3Y2EtMjdmZi00ODBhLWFhNzQtOTc3MWU5NTZlMDViXkEyXkFqcGdeQXVyMjUzOTY1NTc@._V1_Ratio0.6763_AL_.jpg,,8.1,185822
tt0129167,242,The Iron Giant,The Iron Giant (1999),1999,https://m.media-amazon.com/images/M/MV5BYzBjZTNkMzQtZmNkOC00Yzk0LTljMjktZjk3YWVlZjY3NTk2XkEyXkFqcGdeQXVyMTUzMDUzNTI3._V1_Ratio0.6763_AL_.jpg,,8.1,219478
tt0048473,243,Pather Panchali,Pather Panchali (1955),1955,https://m.media-amazon.com/images/M/MV5BMmFkNDY5OTktNzY3Yy00OTFlLThhNjktOTRhMmZjZmIxYjAxXkEyXkFqcGdeQXVyNTgyNTA4MjM@._V1_Ratio0.6763_AL_.jpg,,8.2,37025
tt1454029,244,The Help,The Help (2011),2011,https://m.media-amazon.com/images/M/MV5BMTM5OTMyMjIxOV5BMl5BanBnXkFtZTcwNzU4MjIwNQ@@._V1_Ratio0.6763_AL_.jpg,,8.1,483413
tt0025316,245,It Happened One Night,It Happened One Night (1934),1934,https://m.media-amazon.com/images/M/MV5BYzJmMWE5NjAtNWMyZS00NmFiLWIwMDgtZDE2NzczYWFhNzIzXkEyXkFqcGdeQXVyNjc1NTYyMjg@._V1_Ratio0.6763_AL_.jpg,,8.1,109943
tt0053198,246,The 400 Blows,The 400 Blows (1959),1959,https://m.media-amazon.com/images/M/MV5BNzUwYzU2YjctOGM3YS00YjdiLTk1YjctZjdmMDY4ZTE1YWZkXkEyXkFqcGdeQXVyNzYxODE3NTQ@._V1_Ratio0.7536_AL_.jpg,,8.1,125553
tt0103639,247,Aladdin,Aladdin (1992),1992,https://m.media-amazon.com/images/M/MV5BZTg5ZTVmM2EtZjdhZC00MzBjLWEwZTYtNWIwZDczYzZkMzA4XkEyXkFqcGdeQXVyMTQxNzMzNDI@._V1_Ratio0.6763_AL_.jpg,,8,454340
tt0099348,248,Dances with Wolves,Dances with Wolves (1990),1990,https://m.media-amazon.com/images/M/MV5BMTY3OTI5NDczN15BMl5BanBnXkFtZTcwNDA0NDY3Mw@@._V1_Ratio0.6763_AL_.jpg,,8,284336
tt0079470,249,Life of Brian,Life of Brian (1979),1979,https://m.media-amazon.com/images/M/MV5BMDA1ZWI4ZDItOTRlYi00OTUxLWFlNWQtMzM5NDI0YjA4ZGI2XkEyXkFqcGdeQXVyMjUzOTY1NTc@._V1_Ratio0.6763_AL_.jpg,,8,417543
tt1954470,250,Gangs of Wasseypur,Gangs of Wasseypur (2012),2012,https://m.media-amazon.com/images/M/MV5BMTc5NjY4MjUwNF5BMl5BanBnXkFtZTgwODM3NzM5MzE@._V1_Ratio0.6763_AL_.jpg,,8.2,101759
